{
    "apps": [
        {
            "name": "mqtt-adapter-service",
            "script": "./ifraiot/build/ifra-mqtt-adapter",
            "env": {
                "MF_MQTT_ADAPTER_LOG_LEVEL": "info",
                "MF_MQTT_ADAPTER_MQTT_PORT": "1883",
                "MF_MQTT_ADAPTER_WS_PORT": "9090",
                "MF_AUTH_CACHE_CONN_STR": "redis://:@127.0.0.1:6379",
                "MF_NATS_URL": "nats://127.0.0.1:4222",
                "MF_MQTT_ADAPTER_MQTT_TARGET_HOST": "127.0.0.1",
                "MF_MQTT_ADAPTER_MQTT_TARGET_PORT": "1884",
                "MF_MQTT_ADAPTER_MQTT_TARGET_HEALTH_CHECK": "http://127.0.0.1:8888/health",
                "MF_MQTT_ADAPTER_WS_TARGET_HOST": "127.0.0.1",
                "MF_MQTT_ADAPTER_WS_TARGET_PORT": "8081",
                "MF_JAEGER_URL": "",
                "MF_THINGS_AUTH_GRPC_URL": "127.0.0.1:8188",
                "MF_THINGS_AUTH_GRPC_TIMEOUT": "1s",
                "MF_MQTT_ADAPTER_ES_CONN_STR": "redis://:@127.0.0.1:6379"
            }
        },
        {
            "name": "thing-service",
            "script": "./ifraiot/build/ifra-things",
            "instances": 1,
            "autorestart": true,
            "env": {
                "IFRA_THINGS_LOG_LEVEL": "error",
                "IFRA_THINGS_HTTP_PORT": "8180",
                "IFRA_NATS_URL": "nats://127.0.0.1:4222",
                "IFRA_NATS_USER": "",
                "IFRA_NATS_PASS": "",
                "IFRA_THINGS_DB_HOST": "127.0.0.1",
                "IFRA_THINGS_DB_PORT": "3306",
                "IFRA_THINGS_DB": "my_database",
                "IFRA_THINGS_DB_USER": "root",
                "IFRA_THINGS_DB_PASS": "my_password",
                "IFRA_THINGS_CACHE_CONNECTION_STRING": "redis://:@127.0.0.1:6379",
                "IFRA_THINGS_GRPC_PORT": "8188"
            }
        },
        {
            "name": "ifra-integrator",
            "script": "./ifraiot/build/ifra-integrator",
            "instances": 1,
            "autorestart": true,
            "env": {
                "LOG_LEVEL": "info",
                "NATS_URL": "nats://127.0.0.1:4222",
                "NATS_USER": "",
                "NATS_PASS": "",
                "DB_HOST": "127.0.0.1",
                "DB_PORT": "3306",
                "DB_USER": "root",
                "DB_PASS": "my_password",
                "DB_NAME": "my_database"
            }
        },
        {
            "name": "writer-service",
            "script": "./ifraiot/build/ifra-timescale-writer",
            "instances": 2,
            "autorestart": true,
            "env": {
                "IFRA_TIMESCALE_WRITER_LOG_LEVEL": "info",
                "IFRA_NATS_URL": "nats://127.0.0.1:4222",
                "IFRA_NATS_USER": "",
                "IFRA_NATS_PASS": "",
                "IFRA_TIMESCALE_WRITER_DB_NAME": "postgres",
                "IFRA_TIMESCALE_WRITER_DB_HOST": "127.0.0.1",
                "IFRA_TIMESCALE_WRITER_DB_PORT": "5432",
                "IFRA_TIMESCALE_WRITER_DB_USER": "postgres",
                "IFRA_TIMESCALE_WRITER_DB_PASS": "my_password",
                "IFRA_TIMESCALE_WRITER_CONFIG_PATH": "docker/channels.toml"
            }
        },
        {
            "name": "ifra-rule-engine-manager",
            "script": "./ifraiot/build/ifra-rule-engine-manager",
            "instances": 1,
            "autorestart": true,
            "env": {
                "LOG_LEVEL": "info",
                "NATS_URL": "nats://127.0.0.1:4222",
                "NATS_USER": "",
                "NATS_PASS": "",
                "DB_HOST": "localhost",
                "DB_PORT": "3306",
                "DB_USER": "root",
                "DB_PASS": "my_password",
                "DB_NAME": "my_database",
                "CACHE_CONNECTION_STRING": "redis://:@127.0.0.1:6379",
                "GRPC_PORT": "8114",
                "NATS_MONITORING_URL": "http://127.0.0.1:8222/connz"
            }
        },
        {
            "name": "ifra-rule-engine-worker",
            "script": "./ifraiot/build/ifra-rule-engine-worker",
            "instances": 1,
            "autorestart": true,
            "env": {
                "LOG_LEVEL": "info",
                "NATS_URL": "nats://127.0.0.1:4222",
                "NATS_USER": "",
                "NATS_PASS": ""
            }
        },
        {
            "name": "cms-service",
            "script": "./ifraiot/build/ifra-cms -d",
            "autorestart": true,
            "env": {
                "MYSQL_HOST": "127.0.0.1:3306",
                "MYSQL_DATABASE": "my_database",
                "MYSQL_USERNAME": "my_user",
                "MYSQL_PASSWORD": "my_password",
                "POSTGRES_HOST": "127.0.0.1",
                "POSTGRES_PORT": "5432",
                "POSTGRES_USER": "postgres",
                "POSTGRES_PASSWORD": "my_password",
                "POSTGRES_DATABASE": "postgres",
                "POSTGRES_SSL_MODE": "disable",
                "POSTGRES_SSL_CERT": "",
                "JWT_SECRET_KEY": "secretKey",
                "MAILGUN_DOMAIN": "ifra.io",
                "MAILGUN_API_KEY": "f3e2934ed00c6a775958ebbe0054336c-f877bd7a-78a9120c",
                "GIN_MODE": "debug",
                "FRONTEND_BASE_URL": "http://localhost:9999",
                "AWS_REGION": "ap-southeast-1",
                "AWS_ACCESS_KEY_ID": "AKIAY6P6X2NLB2ERFX7F",
                "AWS_SECRET_ACCESS_KEY": "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",
                "AWS_SESSION_TOKEN": "",
                "AWS_S3_BUCKET": "ifra-cms-staging",
                "LINE_CHANNEL_SECRET_IFRA_LOGIN": "34236e4a6cb2f8c12744769c71baf787",
                "LINE_ACCESS_TOKEN_IFRA_LOGIN": "DISP5pP49SB2G2AZIMCEodTtBNcfuufDoKuC14kqs8p22HnVloJqjCbuPwRYU9lF+0N1fSGbN9zNzHIn/ZizWayyGxsndglOMs/iyzY1kL+vtcysnn6jy6I0lvY0pha1g0WaABHiLBhFGt5dQwPYZgdB04t89/1O/w1cDnyilFU=",
                "SWAGGER_HOST": "localhost:8000",
                "SWAGGER_SCHEMES": "http",
                "CMS_NATS_URL": "",
                "CMS_NATS_TOPIC": "messages",
                "CMS_NATS_USERNAME": "admin",
                "CMS_NATS_PASSWORD": "password",
                "NAMESPACE": "develop",
                "CMS_GRAYLOG_HTTP_ADDRESS": "http://localhost:12202/gelf",
                "CMS_REDIS_CONNECTION_STR": "redis://ifra-redis@localhost:6379",
                "RULE_ENGINE_MANAGER_URL": "localhost:8114",
                "LINE_CLIENT_ID": "8bdaBcsR6TCkEowOtaY3Xz",
                "LINE_CLIENT_SECRET": "zljgfcp9jxMX4z1jvrHptOuBILICTWOdBxWVqpVIBg5",
                "LINE_CLIENT_REDIRECT_URL": "http://localhost:9999/marketplaces/2/setting"
            }
        }
        ,
        {
            "name": "murata-connector",
            "script": "./murata-connector/build/murata-connector",
            "autorestart": true,
            "watch": true,
            "restart_delay": 3000,
            "env": {
                "LOG_LEVEL": "info",
                "UDP_LOCAL_IP": "0.0.0.0",
                "UDP_LOCAL_PORT": "55062",
                "UDP_GATEWAY_IP": "10.26.29.16",
                "UDP_GATEWAY_PORT": "55061",
                "MQTT_BROKER_IP": "127.0.0.1",
                "MQTT_BROKER_PORT": "1883",
                "MQTT_TOPIC": "organization/88b8a368-02cd-4915-8933-1f686914ff81/messages",
                "MQTT_USERNAME": "de7b6edf-2255-4fff-b453-78e9c5298f0b",
                "MQTT_PASSWORD": "ad723caa-789d-4426-9cd9-3cd699de3297"
            }
        }
    ]
}